Image,Size,NPCR(%),UACI(%),Entropy,MSE,PSNR,Time
4.2.03.tiff,512 X 512,99.623108,33.407877,7.999307,0.000000,inf,2.744s
cameraman.jpg,256 X 256,99.621582,33.548315,7.997465,0.000000,inf,0.764s
lena_color_512.tif,512 X 512,99.622726,33.484009,7.999303,0.000000,inf,2.769s
pepper.tiff,512 X 512,99.591827,33.449815,7.999290,0.000000,inf,2.789s
pepper.tiff,512 X 512,99.591827,33.449815,7.999290,0.000000,inf,2.782s
